"pageNum","path4","path2"
"00E4A","RMK_I_0094_1_0043","11957"
"1/0005A","hu_b1_rmk-1-113a_014","08838"
"1/0014B","hu_b1_rmk-1-113a_024","08838"
"1/0015A","hu_b1_rmk-1-113a_024","08838"
"1/0022B","hu_b1_rmk-1-113a_032","08838"
"1/0158B","hu_b1_rmk-1-113a_167","08838"
"1/0165A","hu_b1_rmk-1-113a_173","08838"
"1/0151B","hu_b1_rmk-1-113a_160","08838"
"1/0023A","hu_b1_rmk-1-113a_032","08838"
"1/0030B","hu_b1_rmk-1-113a_040","08838"
"1/0031B","hu_b1_rmk-1-113a_041","08838"
"1/0040B","hu_b1_rmk-1-113a_049","08838"
"1/0041B","hu_b1_rmk-1-113a_050","08838"
"1/0048B","hu_b1_rmk-1-113a_057","08838"
"1/0055A","hu_b1_rmk-1-113a_063","08838"
"1/0062A","hu_b1_rmk-1-113a_070","08838"
"1/0063A","hu_b1_rmk-1-113a_071","08838"
"1/0064A","hu_b1_rmk-1-113a_072","08838"
"1/0065A","hu_b1_rmk-1-113a_073","08838"
"1/0066A","hu_b1_rmk-1-113a_074","08838"
"1/0067A","hu_b1_rmk-1-113a_075","08838"
"1/0068A","hu_b1_rmk-1-113a_076","08838"
"1/0069B","hu_b1_rmk-1-113a_078","08838"
"1/0094B","hu_b1_rmk-1-113a_103","08838"
"1/0096A","hu_b1_rmk-1-113a_104","08838"
"1/0097A","hu_b1_rmk-1-113a_105","08838"
"1/0102A","hu_b1_rmk-1-113a_110","08838"
"1/0103B","hu_b1_rmk-1-113a_112","08838"
"1/0105B","hu_b1_rmk-1-113a_114","08838"
"1/0107B","hu_b1_rmk-1-113a_116","08838"
"1/0108B","hu_b1_rmk-1-113a_117","08838"
"1/0109B","hu_b1_rmk-1-113a_118","08838"
"1/0110A","hu_b1_rmk-1-113a_118","08838"
"1/0111A","hu_b1_rmk-1-113a_119","08838"
"1/0113A","hu_b1_rmk-1-113a_121","08838"
"1/0115B","hu_b1_rmk-1-113a_124","08838"
"1/0117B","hu_b1_rmk-1-113a_126","08838"
"1/0122B","hu_b1_rmk-1-113a_131","08838"
"1/0124B","hu_b1_rmk-1-113a_133","08838"
"1/0126B","hu_b1_rmk-1-113a_135","08838"
"1/0128A","hu_b1_rmk-1-113a_136","08838"
"1/0141A","hu_b1_rmk-1-113a_149","08838"
"1/0142B","hu_b1_rmk-1-113a_151","08838"
"1/0143B","hu_b1_rmk-1-113a_152","08838"
"1/0145A","hu_b1_rmk-1-113a_153","08838"
"1/0146A","hu_b1_rmk-1-113a_154","08838"
"1/0147A","hu_b1_rmk-1-113a_155","08838"
"1/0147B","hu_b1_rmk-1-113a_156","08838"
"1/0149A","hu_b1_rmk-1-113a_157","08838"
"1/0169B","hu_b1_rmk-1-113a_178","08838"
"1/0170B","hu_b1_rmk-1-113a_179","08838"
"1/0173B","hu_b1_rmk-1-113a_182","08838"
"1/0176B","hu_b1_rmk-1-113a_185","08838"
"1/0179B","hu_b1_rmk-1-113a_188","08838"
"1/0181A","hu_b1_rmk-1-113a_189","08838"
"1/0183B","hu_b1_rmk-1-113a_192","08838"
"1/0184B","hu_b1_rmk-1-113a_193","08838"
"1/0185B","hu_b1_rmk-1-113a_194","08838"
"1/0186B","hu_b1_rmk-1-113a_195","08838"
"1/0188A","hu_b1_rmk-1-113a_196","08838"
"1/0189A","hu_b1_rmk-1-113a_197","08838"
"1/0190A","hu_b1_rmk-1-113a_198","08838"
"1/0190B","hu_b1_rmk-1-113a_199","08838"
"1/0191B","hu_b1_rmk-1-113a_200","08838"
"1/0192B","hu_b1_rmk-1-113a_201","08838"
"1/0201A","hu_b1_rmk-1-113a_209","08838"
"1/0206A","hu_b1_rmk-1-113a_214","08838"
"1/0210B","hu_b1_rmk-1-113a_219","08838"
"1/0212A","hu_b1_rmk-1-113a_220","08838"
"1/0218B","hu_b1_rmk-1-113a_227","08838"
"1/0216B","hu_b1_rmk-1-113a_225","08838"
"1/0217A","hu_b1_rmk-1-113a_225","08838"
"1/0221A","hu_b1_rmk-1-113a_229","08838"
"1/0222A","hu_b1_rmk-1-113a_230","08838"
"1/0231B","hu_b1_rmk-1-113a_240","08838"
"1/0232B","hu_b1_rmk-1-113a_241","08838"
"1/0233B","hu_b1_rmk-1-113a_242","08838"
"1/0234B","hu_b1_rmk-1-113a_243","08838"
"1/0235B","hu_b1_rmk-1-113a_244","08838"
"1/0236B","hu_b1_rmk-1-113a_245","08838"
"1/0238A","hu_b1_rmk-1-113a_246","08838"
"1/0239B","hu_b1_rmk-1-113a_248","08838"
"1/0251B","hu_b1_rmk-1-113a_260","08838"
"1/0256B","hu_b1_rmk-1-113a_265","08838"
"1/0266B","hu_b1_rmk-1-113a_275","08838"
"1/0267A","hu_b1_rmk-1-113a_275","08838"
"1/0269A","hu_b1_rmk-1-113a_277","08838"
"1/0272A","hu_b1_rmk-1-113a_280","08838"
"1/0273B","hu_b1_rmk-1-113a_282","08838"
"1/0275B","hu_b1_rmk-1-113a_284","08838"
"1/0276B","hu_b1_rmk-1-113a_285","08838"
"1/0277B","hu_b1_rmk-1-113a_286","08838"
"1/0279B","hu_b1_rmk-1-113a_288","08838"
"1/0281B","hu_b1_rmk-1-113a_290","08838"
"1/0283A","hu_b1_rmk-1-113a_291","08838"
"1/0284A","hu_b1_rmk-1-113a_292","08838"
"1/0287B","hu_b1_rmk-1-113a_296","08838"
"1/0289A","hu_b1_rmk-1-113a_297","08838"
"1/0295A","hu_b1_rmk-1-113a_303","08838"
"1/0296B","hu_b1_rmk-1-113a_305","08838"
"1/0299A","hu_b1_rmk-1-113a_307","08838"
"1/0299B","hu_b1_rmk-1-113a_308","08838"
"1/0301A","hu_b1_rmk-1-113a_309","08838"
"1/0303A","hu_b1_rmk-1-113a_311","08838"
"1/0305A","hu_b1_rmk-1-113a_313","08838"
"1/0309B","hu_b1_rmk-1-113a_318","08838"
"1/0313B","hu_b1_rmk-1-113a_322","08838"
"1/0315B","hu_b1_rmk-1-113a_324","08838"
"1/0316B","hu_b1_rmk-1-113a_325","08838"
"1/0317A","hu_b1_rmk-1-113a_325","08838"
"1/0317B","hu_b1_rmk-1-113a_326","08838"
"1/0318B","hu_b1_rmk-1-113a_327","08838"
"1/0319A","hu_b1_rmk-1-113a_327","08838"
"1/0320A","hu_b1_rmk-1-113a_328","08838"
"1/0322A","hu_b1_rmk-1-113a_330","08838"
"1/0327B","hu_b1_rmk-1-113a_336","08838"
"1/0328A","hu_b1_rmk-1-113a_336","08838"
"1/0328B","hu_b1_rmk-1-113a_337","08838"
"1/0329B","hu_b1_rmk-1-113a_338","08838"
"1/0344A","hu_b1_rmk-1-113a_365","08838"
"1/0345A","hu_b1_rmk-1-113a_366","08838"
"1/0345B","hu_b1_rmk-1-113a_367","08838"
"1/0346B","hu_b1_rmk-1-113a_364","08838"
"1/0347A","hu_b1_rmk-1-113a_364","08838"
"2/0001A","hu_b1_rmk-1-113a_371","08838"
"2/0001B","hu_b1_rmk-1-113a_372","08838"
"2/0002A","hu_b1_rmk-1-113a_372","08838"
"2/0002B","hu_b1_rmk-1-113a_373","08838"
"2/0003A","hu_b1_rmk-1-113a_373","08838"
"2/0003B","hu_b1_rmk-1-113a_374","08838"
"2/0004A","hu_b1_rmk-1-113a_374","08838"
"2/0004B","hu_b1_rmk-1-113a_375","08838"
"2/0005B","hu_b1_rmk-1-113a_376","08838"
"2/0006A","hu_b1_rmk-1-113a_376","08838"
"2/0007A","hu_b1_rmk-1-113a_377","08838"
"2/0007B","hu_b1_rmk-1-113a_378","08838"
"2/0008A","hu_b1_rmk-1-113a_378","08838"
"2/0008B","hu_b1_rmk-1-113a_379","08838"
"2/0009B","hu_b1_rmk-1-113a_380","08838"
"2/0010A","hu_b1_rmk-1-113a_380","08838"
"2/0011A","hu_b1_rmk-1-113a_381","08838"
"2/0011B","hu_b1_rmk-1-113a_382","08838"
"2/0013A","hu_b1_rmk-1-113a_383","08838"
"2/0015A","hu_b1_rmk-1-113a_385","08838"
"2/0016B","hu_b1_rmk-1-113a_387","08838"
"2/0019A","hu_b1_rmk-1-113a_389","08838"
"2/0020A","hu_b1_rmk-1-113a_390","08838"
"2/0020B","hu_b1_rmk-1-113a_391","08838"
"2/0022A","hu_b1_rmk-1-113a_392","08838"
"2/0022B","hu_b1_rmk-1-113a_393","08838"
"2/0023B","hu_b1_rmk-1-113a_394","08838"
"2/0024B","hu_b1_rmk-1-113a_395","08838"
"2/0026B","hu_b1_rmk-1-113a_397","08838"
"2/0027A","hu_b1_rmk-1-113a_397","08838"
"2/0028A","hu_b1_rmk-1-113a_398","08838"
"2/0029A","hu_b1_rmk-1-113a_399","08838"
"2/0031A","hu_b1_rmk-1-113a_401","08838"
"2/0032B","hu_b1_rmk-1-113a_403","08838"
"2/0033A","hu_b1_rmk-1-113a_403","08838"
"2/0034B","hu_b1_rmk-1-113a_405","08838"
"2/0036A","hu_b1_rmk-1-113a_406","08838"
"2/0037B","hu_b1_rmk-1-113a_408","08838"
"2/0038B","hu_b1_rmk-1-113a_409","08838"
"2/0038B","hu_b1_rmk-1-113a_410","08838"
"2/0039B","hu_b1_rmk-1-113a_411","08838"
"2/0041A","hu_b1_rmk-1-113a_412","08838"
"2/0041B","hu_b1_rmk-1-113a_413","08838"
"2/0042B","hu_b1_rmk-1-113a_414","08838"
"2/0043B","hu_b1_rmk-1-113a_415","08838"
"2/0045A","hu_b1_rmk-1-113a_416","08838"
"2/0045B","hu_b1_rmk-1-113a_417","08838"
"2/0046B","hu_b1_rmk-1-113a_418","08838"
"2/0048B","hu_b1_rmk-1-113a_420","08838"
"2/0049B","hu_b1_rmk-1-113a_421","08838"
"2/0051A","hu_b1_rmk-1-113a_422","08838"
"2/0106B","hu_b1_rmk-1-113a_479","08838"
"2/0052A","hu_b1_rmk-1-113a_423","08838"
"2/0053A","hu_b1_rmk-1-113a_424","08838"
"2/0054B","hu_b1_rmk-1-113a_426","08838"
"2/0055A","hu_b1_rmk-1-113a_426","08838"
"2/0056A","hu_b1_rmk-1-113a_427","08838"
"2/0057B","hu_b1_rmk-1-113a_429","08838"
"2/0058A","hu_b1_rmk-1-113a_429","08838"
"2/0059A","hu_b1_rmk-1-113a_430","08838"
"2/0060B","hu_b1_rmk-1-113a_432","08838"
"2/0061B","hu_b1_rmk-1-113a_433","08838"
"2/0062A","hu_b1_rmk-1-113a_433","08838"
"2/0063A","hu_b1_rmk-1-113a_434","08838"
"2/0064B","hu_b1_rmk-1-113a_436","08838"
"2/0065B","hu_b1_rmk-1-113a_437","08838"
"2/0066B","hu_b1_rmk-1-113a_438","08838"
"2/0068A","hu_b1_rmk-1-113a_439","08838"
"2/0068B","hu_b1_rmk-1-113a_440","08838"
"2/0070A","hu_b1_rmk-1-113a_441","08838"
"2/0071A","hu_b1_rmk-1-113a_443","08838"
"2/0073A","hu_b1_rmk-1-113a_446","08838"
"2/0073A","hu_b1_rmk-1-113a_445","08838"
"2/0075A","hu_b1_rmk-1-113a_444","08838"
"2/0077B","hu_b1_rmk-1-113a_449","08838"
"2/0078B","hu_b1_rmk-1-113a_450","08838"
"2/0079B","hu_b1_rmk-1-113a_451","08838"
"2/0080B","hu_b1_rmk-1-113a_452","08838"
"2/0081A","hu_b1_rmk-1-113a_452","08838"
"2/0082A","hu_b1_rmk-1-113a_453","08838"
"2/0082B","hu_b1_rmk-1-113a_454","08838"
"2/0083B","hu_b1_rmk-1-113a_455","08838"
"2/0084A","hu_b1_rmk-1-113a_455","08838"
"2/0084B","hu_b1_rmk-1-113a_456","08838"
"2/0085A","hu_b1_rmk-1-113a_456","08838"
"2/0085B","hu_b1_rmk-1-113a_457","08838"
"2/0086B","hu_b1_rmk-1-113a_458","08838"
"2/0087A","hu_b1_rmk-1-113a_458","08838"
"2/0088B","hu_b1_rmk-1-113a_460","08838"
"2/0090B","hu_b1_rmk-1-113a_462","08838"
"2/0092B","hu_b1_rmk-1-113a_464","08838"
"2/0093B","hu_b1_rmk-1-113a_465","08838"
"2/0095A","hu_b1_rmk-1-113a_466","08838"
"2/0096B","hu_b1_rmk-1-113a_468","08838"
"2/0097A","hu_b1_rmk-1-113a_469","08838"
"2/0098B","hu_b1_rmk-1-113a_471","08838"
"2/0099A","hu_b1_rmk-1-113a_472","08838"
"2/0100A","hu_b1_rmk-1-113a_471","08838"
"2/0101A","hu_b1_rmk-1-113a_474","08838"
"2/0101B","hu_b1_rmk-1-113a_475","08838"
"2/0102B","hu_b1_rmk-1-113a_474","08838"
"2/0104A","hu_b1_rmk-1-113a_476","08838"
"2/0105B","hu_b1_rmk-1-113a_478","08838"
"2/0107A","hu_b1_rmk-1-113a_479","08838"
"2/0108A","hu_b1_rmk-1-113a_480","08838"
"2/0108B","hu_b1_rmk-1-113a_481","08838"
"2/0109B","hu_b1_rmk-1-113a_482","08838"
"2/0110B","hu_b1_rmk-1-113a_483","08838"
"2/0111B","hu_b1_rmk-1-113a_484","08838"
"2/0113A","hu_b1_rmk-1-113a_485","08838"
"2/0114A","hu_b1_rmk-1-113a_486","08838"
"2/0115A","hu_b1_rmk-1-113a_487","08838"
"2/0117A","hu_b1_rmk-1-113a_489","08838"
"2/0118A","hu_b1_rmk-1-113a_490","08838"
"2/0119B","hu_b1_rmk-1-113a_492","08838"
"2/0123B","hu_b1_rmk-1-113a_496","08838"
"2/0124A","hu_b1_rmk-1-113a_496","08838"
"2/0125A","hu_b1_rmk-1-113a_497","08838"
"2/0126A","hu_b1_rmk-1-113a_498","08838"
"2/0126B","hu_b1_rmk-1-113a_499","08838"
"2/0127B","hu_b1_rmk-1-113a_500","08838"
"2/0128A","hu_b1_rmk-1-113a_500","08838"
"2/0000","RMK_I_0174_0001","12027"
"0010B","RMK_1_0007_0019","12273"
"0011A","RMK_1_0007_0019","12273"
"0011B","RMK_1_0007_0020","12273"
"0012A","RMK_1_0007_0020","12273"
"0012B","RMK_1_0007_0021","12273"
"0013A","RMK_1_0007_0021","12273"
"0013B","RMK_1_0007_0022","12273"
"0014A","RMK_1_0007_0022","12273"
"0014B","RMK_1_0007_0023","12273"
"0015A","RMK_1_0007_0023","12273"
"0015B","RMK_1_0007_0024","12273"
"0016A","RMK_1_0007_0024","12273"
"0016A","RMK_1_0007_0025","12273"
"0017A","RMK_1_0007_0025","12273"
"0017B","RMK_1_0007_0026","12273"
"0018A","RMK_1_0007_0026","12273"
"0018B","RMK_1_0007_0027","12273"
"0019A","RMK_1_0007_0027","12273"
"0019B","RMK_1_0007_0028","12273"
"0020A","RMK_1_0007_0028","12273"
"0020B","RMK_1_0007_0029","12273"
"0021A","RMK_1_0007_0029","12273"
"0021B","RMK_1_0007_0030","12273"
"0022A","RMK_1_0007_0030","12273"
"0022B","RMK_1_0007_0031","12273"
"0023A","RMK_1_0007_0031","12273"
"0023B","RMK_1_0007_0032","12273"
"0024A","RMK_1_0007_0032","12273"
"0024B","RMK_1_0007_0033","12273"
"0025A","RMK_1_0007_0033","12273"
"0025A","RMK_1_0007_0034","12273"
"0025B","RMK_1_0007_0034","12273"
"0026A","RMK_1_0007_0034","12273"
"0026B","RMK_1_0007_0035","12273"
"0027A","RMK_1_0007_0036","12273"
"0027B","RMK_1_0007_0036","12273"
"0028A","RMK_1_0007_0036","12273"
"0028B","RMK_1_0007_0037","12273"
"0029A","RMK_1_0007_0037","12273"
"0029B","RMK_1_0007_0038","12273"
"0030A","RMK_1_0007_0038","12273"
"0030B","RMK_1_0007_0039","12273"
"0031A","RMK_1_0007_0039","12273"
"0031B","RMK_1_0007_0040","12273"
"0032A","RMK_1_0007_0040","12273"
"0033A","RMK_1_0007_0041","12273"
"0033B","RMK_1_0007_0042","12273"
"0034A","RMK_1_0007_0042","12273"
"0034B","RMK_1_0007_0043","12273"
"0035A","RMK_1_0007_0043","12273"
"0035B","RMK_1_0007_0044","12273"
"0036A","RMK_1_0007_0044","12273"
"0036B","RMK_1_0007_0045","12273"
"0037A","RMK_1_0007_0045","12273"
"0037B","RMK_1_0007_0046","12273"
"0038A","RMK_1_0007_0046","12273"
"0038B","RMK_1_0007_0047","12273"
"0039A","RMK_1_0007_0047","12273"
"0039B","RMK_1_0007_0048","12273"
"0040A","RMK_1_0007_0048","12273"
"0040B","RMK_1_0007_0049","12273"
"0041A","RMK_1_0007_0049","12273"
"0041B","RMK_1_0007_0050","12273"
"0042A","RMK_1_0007_0050","12273"
"0042B","RMK_1_0007_0051","12273"
"0043A","RMK_1_0007_0051","12273"
"0043B","RMK_1_0007_0052","12273"
"0044A","RMK_1_0007_0052","12273"
"0044B","RMK_1_0007_0053","12273"
"0045A","RMK_1_0007_0053","12273"
"0045B","RMK_1_0007_0054","12273"
"0046A","RMK_1_0007_0054","12273"
"0046B","RMK_1_0007_0055","12273"
"0047A","RMK_1_0007_0055","12273"
"0047B","RMK_1_0007_0056","12273"
"0048A","RMK_1_0007_0056","12273"
"0048B","RMK_1_0007_0057","12273"
"0049A","RMK_1_0007_0057","12273"
"0049B","RMK_1_0007_0058","12273"
"0050A","RMK_1_0007_0058","12273"
"0050B","RMK_1_0007_0059","12273"
"0051A","RMK_1_0007_0059","12273"
"0051B","RMK_1_0007_0060","12273"
"0052A","RMK_1_0007_0060","12273"
"0052B","RMK_1_0007_0061","12273"
"0053A","RMK_1_0007_0061","12273"
"0053B","RMK_1_0007_0062","12273"
"0054A","RMK_1_0007_0062","12273"
"0054B","RMK_1_0007_0063","12273"
"0055A","RMK_1_0007_0063","12273"
"0055B","RMK_1_0007_0063","12273"
"0056B","RMK_1_0007_0063","12273"
"0057A","RMK_1_0007_0063","12273"
"0057A","RMK_1_0007_0066","12273"
"0057B","RMK_1_0007_0066","12273"
"0058A","RMK_1_0007_0066","12273"
"0058B","RMK_1_0007_0067","12273"
"0059A","RMK_1_0007_0067","12273"
"0060A","RMK_1_0007_0068","12273"
"0060B","RMK_1_0007_0069","12273"
"0062A","RMK_1_0007_0071","12273"
"0063A","RMK_1_0007_0071","12273"
"0063B","RMK_1_0007_0072","12273"
"0064A","RMK_1_0007_0072","12273"
"0064B","RMK_1_0007_0073","12273"
"0065A","RMK_1_0007_0073","12273"
"0065A","RMK_1_0007_0074","12273"
"0065B","RMK_1_0007_0074","12273"
"0066A","RMK_1_0007_0074","12273"
"0066B","RMK_1_0007_0075","12273"
"0067A","RMK_1_0007_0075","12273"
"0067B","RMK_1_0007_0076","12273"
"0068A","RMK_1_0007_0076","12273"
"0068B","RMK_1_0007_0077","12273"
"0069A","RMK_1_0007_0077","12273"
"0070A","RMK_1_0007_0078","12273"
"0070B","RMK_1_0007_0079","12273"
"0071A","RMK_1_0007_0079","12273"
"0071B","RMK_1_0007_0080","12273"
"0072A","RMK_1_0007_0080","12273"
"0072B","RMK_1_0007_0081","12273"
"0073A","RMK_1_0007_0081","12273"
"0073B","RMK_1_0007_0082","12273"
"0074A","RMK_1_0007_0082","12273"
"0074B","RMK_1_0007_0083","12273"
"0075A","RMK_1_0007_0083","12273"
"0075B","RMK_1_0007_0084","12273"
"0076A","RMK_1_0007_0084","12273"
"0076B","RMK_1_0007_0085","12273"
"0077A","RMK_1_0007_0085","12273"
"0077B","RMK_1_0007_0086","12273"
"0078A","RMK_1_0007_0086","12273"
"0078B","RMK_1_0007_0087","12273"
"0079A","RMK_1_0007_0087","12273"
"0079B","RMK_1_0007_0088","12273"
"0080A","RMK_1_0007_0088","12273"
"0080B","RMK_1_0007_0089","12273"
"0081A","RMK_1_0007_0089","12273"
"0081B","RMK_1_0007_0090","12273"
"0082A","RMK_1_0007_0090","12273"
"0083A","RMK_1_0007_0091","12273"
"0083A","RMK_1_0007_0092","12273"
"0084A","RMK_1_0007_0092","12273"
"0084B","RMK_1_0007_0093","12273"
"0085A","RMK_1_0007_0093","12273"
"0085B","RMK_1_0007_0094","12273"
"0086A","RMK_1_0007_0094","12273"
"0086B","RMK_1_0007_0095","12273"
"0087A","RMK_1_0007_0095","12273"
"0087B","RMK_1_0007_0096","12273"
"0088A","RMK_1_0007_0096","12273"
"0088B","RMK_1_0007_0097","12273"
"0089A","RMK_1_0007_0097","12273"
"00A1A","RMK_1_0033_0009","12294"
"00c1B","RMK_1_0033_0109","12294"
"0000B","RMK_1_0033_0117","12294"
"00f4A","RMK_1_0033_0123","12294"
"00G4B","RMK_1_0033_0036","12294"
"00h2B","RMK_1_0033_0130","12294"
"00h4A","RMK_1_0033_0131","12294"
"00I2A","RMK_1_0033_0041","12294"
"00k1A","RMK_1_0033_0136","12294"
"00k4A","RMK_1_0033_0139","12294"
"00L3A","RMK_1_0033_0050","12294"
"00l3B","RMK_1_0033_0143","12294"
"00m2A","RMK_1_0033_0145","12294"
"00n1A","RMK_1_0033_0148","12294"
"00N2B","RMK_1_0033_0058","12294"
"00o1B","RMK_1_0033_0148","12294"
"00p3A","RMK_1_0033_0158","12294"
"00q2B","RMK_1_0033_0162","12294"
"00V3B","RMK_1_0033_0087","12294"
"00Y3A","RMK_1_0033_0094","12294"
"0014B","RMK_I_0315_0044","12295"
"0016A","RMK_I_0315_0047","12295"
"0017C","RMK_I_0315_0050","12295"
"0034B","RMK_I_0315_0084","12295"
"0035A","RMK_I_0315_0085","12295"
"0046B","RMK_I_0315_0108","12295"
"0047B","RMK_I_0315_0110","12295"
"0049A","RMK_I_0315_0113","12295"
"0050A","RMK_I_0315_0115","12295"
"0050B","RMK_I_0315_0116","12295"
"0051A","RMK_I_0315_0117","12295"
"0056B","RMK_I_0315_0128","12295"
"0058A","RMK_I_0315_0131","12295"
"0061B","RMK_I_0315_0138","12295"
"0064B","RMK_I_0315_0144","12295"
"0079B","RMK_I_0315_0174","12295"
"0080A","RMK_I_0315_0175","12295"
"0082A","RMK_I_0315_0179","12295"
"0082B","RMK_I_0315_0180","12295"
"0083A","RMK_I_0315_0181","12295"
"0090A","RMK_I_0315_0195","12295"
"0090B","RMK_I_0315_0196","12295"
"0092B","RMK_I_0315_0200","12295"
"0093B","RMK_I_0315_0202","12295"
"0098B","RMK_I_0315_0212","12295"
"0100B","RMK_I_0315_0216","12295"
"0101A","RMK_I_0315_0217","12295"
"0101B","RMK_I_0315_0218","12295"
"0112B","RMK_I_0315_0240","12295"
"0128B","RMK_I_0315_0272","12295"
"0136B","RMK_I_0315_0288","12295"
"0141A","RMK_I_0315_0297","12295"
"0142A","RMK_I_0315_0299","12295"
"1/0022","RMK_1_0355c_0002","12441"
"1/0023","RMK_1_0355c_0002","12441"
"1/0024","RMK_1_0355c_0003","12441"
"0005","RMK_1_0786d_0098","12442"
"0008","RMK_1_0786d_0100","12442"
"0014","RMK_1_0786d_0103","12442"
"0017","RMK_1_0786d_0104","12442"
"0021","RMK_1_0786d_0106","12442"
"0023","RMK_1_0786d_0107","12442"
"0025","RMK_1_0786d_0108","12442"
"0027","RMK_1_0786d_0109","12442"
"0030","RMK_1_0786d_0111","12442"
"0033","RMK_1_0786d_0112","12442"
"0035","RMK_1_0786d_0113","12442"
"0038","RMK_1_0786d_0115","12442"
"0044","RMK_1_0786d_0118","12442"
"0046","RMK_1_0786d_0119","12442"
"0050","RMK_1_0786d_0121","12442"
"0052","RMK_1_0786d_0122","12442"
"0054","RMK_1_0786d_0123","12442"
"0058","RMK_1_0786d_0125","12442"
"0061","RMK_1_0786d_0126","12442"
"0062","RMK_1_0786d_0127","12442"
"0064","RMK_1_0786d_0128","12442"
"0065","RMK_1_0786d_0128","12442"
"0067","RMK_1_0786d_0129","12442"
"0069","RMK_1_0786d_0130","12442"
"0074","RMK_1_0786d_0133","12442"
"0078","RMK_1_0786d_0135","12442"
"0081","RMK_1_0786d_0136","12442"
"0084","RMK_1_0786d_0138","12442"
"0087","RMK_1_0786d_0139","12442"
"0096","RMK_1_0786d_0143","12442"
"0098","RMK_1_0786d_0144","12442"
"0100","RMK_1_0786d_0145","12442"
"0103","RMK_1_0786d_0146","12442"
"0108","RMK_1_0786d_0149","12442"
"0110","RMK_1_0786d_0150","12442"
"0114","RMK_1_0786d_0152","12442"
"0120","RMK_1_0786d_0155","12442"
"0123","RMK_1_0786d_0156","12442"
"0128","RMK_1_0786d_0159","12442"
"0133","RMK_1_0786d_0161","12442"
"0135","RMK_1_0786d_0162","12442"
"0137","RMK_1_0786d_0163","12442"
"0140","RMK_1_0786d_0165","12442"
"0146","RMK_1_0786d_0168","12442"
"0147","RMK_1_0786d_0168","12442"
"0158","RMK_1_0786d_0174","12442"
"0164","RMK_1_0786d_0177","12442"
"0167","RMK_1_0786d_0178","12442"
"0170","RMK_1_0786d_0180","12442"
"0182","RMK_1_0786d_0186","12442"
"0185","RMK_1_0786d_0187","12442"
"0190","RMK_1_0786d_0190","12442"
"0206","RMK_1_0786d_0198","12442"
"0210","RMK_1_0786d_0200","12442"
"0215","RMK_1_0786d_0202","12442"
"0217","RMK_1_0786d_0203","12442"
"0222","RMK_1_0786d_0206","12442"
"0227","RMK_1_0786d_0206","12442"
"0230","RMK_1_0786d_0210","12442"
"0232","RMK_1_0786d_0211","12442"
"0235","RMK_1_0786d_0212","12442"
"0240","RMK_1_0786d_0215","12442"
"0242","RMK_1_0786d_0216","12442"
"0244","RMK_1_0786d_0217","12442"
"0246","RMK_1_0786d_0218","12442"
"0260","RMK_1_0786d_0225","12442"
"0262","RMK_1_0786d_0226","12442"
"0267","RMK_1_0786d_0228","12442"
"0271","RMK_1_0786d_0230","12442"
"0273","RMK_1_0786d_0231","12442"
"0275","RMK_1_0786d_0232","12442"
"0277","RMK_1_0786d_0233","12442"
"0279","RMK_1_0786d_0234","12442"
"0282","RMK_1_0786d_0236","12442"
"1/0004","RMK_I_0112_0008","12523"
"1/0033","RMK_I_0112_0037","12523"
"1/0073","RMK_I_0112_0078","12523"
"1/0088","RMK_I_0112_0094","12523"
"1/0121","RMK_I_0112_0128","12523"
"1/0140","RMK_I_0112_0146","12523"
"1/0203","RMK_I_0112_0209","12523"
"1/0216","RMK_I_0112_0222","12523"
"1/0234","RMK_I_0112_0240","12523"
"1/0253","RMK_I_0112_0259","12523"
"1/0314","RMK_I_0112_0320","12523"
"1/0369","RMK_I_0112_0379","12523"
"1/0407","RMK_I_0112_0415","12523"
"1/0445","RMK_I_0112_0453","12523"
"0057","RMK_I_482_0069","12549"
"0059","RMK_I_482_0071","12549"
"0061","RMK_I_482_0073","12549"
"0065","RMK_I_482_0077","12549"
"0067","RMK_I_482_0079","12549"
"0000","RMK_I_0298_0001","12550"
"1/0002","rmk1_658_0022","12583"
"1/0003","rmk1_658_0022","12583"
"1/0004","rmk1_658_0023","12583"
"1/0005","rmk1_658_0023","12583"
"1/0006","rmk1_658_0024","12583"
"1/0007","rmk1_658_0024","12583"
"1/0026","rmk1_658_0034","12583"
"1/0027","rmk1_658_0034","12583"
"1/0028","rmk1_658_0034","12583"
"1/0028","rmk1_658_0035","12583"
"1/0029","rmk1_658_0035","12583"
"1/0030","rmk1_658_0036","12583"
"1/0031","rmk1_658_0036","12583"
"1/0045","rmk1_658_0043","12583"
"1/0046","rmk1_658_0044","12583"
"1/0047","rmk1_658_0044","12583"
"1/0051","rmk1_658_0046","12583"
"1/0052","rmk1_658_0047","12583"
"1/0064","rmk1_658_0053","12583"
"1/0065","rmk1_658_0053","12583"
"1/0066","rmk1_658_0054","12583"
"1/0067","rmk1_658_0054","12583"
"1/0075","rmk1_658_0058","12583"
"1/0080","rmk1_658_0061","12583"
"1/0081","rmk1_658_0061","12583"
"1/0083","rmk1_658_0062","12583"
"1/0084","rmk1_658_0063","12583"
"1/0089","rmk1_658_0065","12583"
"1/0090","rmk1_658_0066","12583"
"1/0091","rmk1_658_0066","12583"
"1/0092","rmk1_658_0067","12583"
"1/0094","rmk1_658_0068","12583"
"1/0115","rmk1_658_0078","12583"
"1/0117","rmk1_658_0079","12583"
"1/0118","rmk1_658_0080","12583"
"1/0129","rmk1_658_0085","12583"
"1/0130","rmk1_658_0086","12583"
"1/0145","rmk1_658_0093","12583"
"1/0147","rmk1_658_0094","12583"
"1/0148","rmk1_658_0095","12583"
"1/0149","rmk1_658_0095","12583"
"1/0150","rmk1_658_0096","12583"
"1/0164","rmk1_658_0103","12583"
"1/0173","rmk1_658_0107","12583"
"1/0174","rmk1_658_0108","12583"
"1/0175","rmk1_658_0108","12583"
"1/0176","rmk1_658_0109","12583"
"1/0177","rmk1_658_0109","12583"
"1/0178","rmk1_658_0110","12583"
"1/0179","rmk1_658_0110","12583"
"1/0180","rmk1_658_0111","12583"
"1/0181","rmk1_658_0111","12583"
"1/0182","rmk1_658_0112","12583"
"1/0183","rmk1_658_0112","12583"
"1/0184","rmk1_658_0113","12583"
"1/0185","rmk1_658_0113","12583"
"1/0186","rmk1_658_0114","12583"
"1/0187","rmk1_658_0114","12583"
"1/0189","rmk1_658_0115","12583"
"1/0190","rmk1_658_0116","12583"
"1/0192","rmk1_658_0117","12583"
"1/0196","rmk1_658_0119","12583"
"1/0197","rmk1_658_0119","12583"
"1/0226","rmk1_658_0133","12583"
"1/0227","rmk1_658_0133","12583"
"1/0237","rmk1_658_0138","12583"
"1/0238","rmk1_658_0139","12583"
"1/0239","rmk1_658_0139","12583"
"1/0244","rmk1_658_0142","12583"
"0000","RMK_I_0358_0001","12594"
"1/00Z6R","rmk-1_249_0383","12639"
"1/0148V","rmk-1_249_0316","12639"
"0000","RMK_I_0258_0005","12640"
"1/00C4V","rmk-1_271_0038","12654"
"0000","RMK_I_0317_0001","12680"
"0000","RMK_I_0327_0001","12681"
"0010A","RMK_I_0461_1_0051","12728"
"0011A","RMK_I_0461_1_0053","12728"
"0012A","RMK_I_0461_1_0055","12728"
"0018B","RMK_I_0461_1_0068","12728"
"0051B","RMK_I_0461_1_0134","12728"
"0000","RMK_I_0430_0001","12741"
"0000","RMK_I_0257_0001","12742"
"0022","RMK_1_1188_1pld_0021","12757"
"0025","RMK_1_1188_1pld_0021","12757"
"0033","RMK_1_1188_1pld_0021","12757"
"0034","RMK_1_1188_1pld_0026","12757"
"0095","RMK_1_1188_1pld_0056","12757"
"0035","RMK_1_1188_1pld_0026","12757"
"0036","RMK_1_1188_1pld_0027","12757"
"0038","RMK_1_1188_1pld_0028","12757"
"0040","RMK_1_1188_1pld_0029","12757"
"0041","RMK_1_1188_1pld_0029","12757"
"0042","RMK_1_1188_1pld_0030","12757"
"0050","RMK_1_1188_1pld_0034","12757"
"0052","RMK_1_1188_1pld_0035","12757"
"0053","RMK_1_1188_1pld_0035","12757"
"0056","RMK_1_1188_1pld_0037","12757"
"0057","RMK_1_1188_1pld_0037","12757"
"0058","RMK_1_1188_1pld_0038","12757"
"0059","RMK_1_1188_1pld_0038","12757"
"0070","RMK_1_1188_1pld_0044","12757"
"0096","RMK_1_1188_1pld_0057","12757"
"0098","RMK_1_1188_1pld_0058","12757"
"0102","RMK_1_1188_1pld_0060","12757"
"0110","RMK_1_1188_1pld_0064","12757"
"0130","RMK_1_1188_1pld_0074","12757"
"0144","RMK_1_1188_1pld_0081","12757"
"0162","RMK_1_1188_1pld_0090","12757"
"0164","RMK_1_1188_1pld_0091","12757"
"0172","RMK_1_1188_1pld_0095","12757"
"0188","RMK_1_1188_1pld_0103","12757"
"0234","RMK_1_1188_1pld_0126","12757"
"0235","RMK_1_1188_1pld_0126","12757"
"0236","RMK_1_1188_1pld_0127","12757"
"0237","RMK_1_1188_1pld_0127","12757"
"0238","RMK_1_1188_1pld_0128","12757"
"0239","RMK_1_1188_1pld_0128","12757"
"0240","RMK_1_1188_1pld_0129","12757"
"0241","RMK_1_1188_1pld_0129","12757"
"0242","RMK_1_1188_1pld_0130","12757"
"0243","RMK_1_1188_1pld_0130","12757"
"0245","RMK_1_1188_1pld_0131","12757"
"0257","RMK_1_1188_1pld_0137","12757"
"0258","RMK_1_1188_1pld_0138","12757"
"0259","RMK_1_1188_1pld_0138","12757"
"0266","RMK_1_1188_1pld_0142","12757"
"0267","RMK_1_1188_1pld_0142","12757"
"0268","RMK_1_1188_1pld_0143","12757"
"0269","RMK_1_1188_1pld_0143","12757"
"0270","RMK_1_1188_1pld_0144","12757"
"0274","RMK_1_1188_1pld_0146","12757"
"0285","RMK_1_1188_1pld_0151","12757"
"0290","RMK_1_1188_1pld_0154","12757"
"0291","RMK_1_1188_1pld_0154","12757"
"0320","RMK_1_1188_1pld_0169","12757"
"0321","RMK_1_1188_1pld_0169","12757"
"0346","RMK_1_1188_1pld_0182","12757"
"0350","RMK_1_1188_1pld_0184","12757"
"0351","RMK_1_1188_1pld_0184","12757"
"0447","RMK_1_1188_1pld_0232","12757"
"0449","RMK_1_1188_1pld_0233","12757"
"0478","RMK_1_1188_1pld_0248","12757"
"0517","RMK_1_1188_1pld_0267","12757"
"0522","RMK_1_1188_1pld_0270","12757"
"0523","RMK_1_1188_1pld_0270","12757"
"0524","RMK_1_1188_1pld_0271","12757"
"0525","RMK_1_1188_1pld_0271","12757"
"0528","RMK_1_1188_1pld_0273","12757"
"0530","RMK_1_1188_1pld_0274","12757"
"0532","RMK_1_1188_1pld_0275","12757"
"0533","RMK_1_1188_1pld_0275","12757"
"0534","RMK_1_1188_1pld_0276","12757"
"0535","RMK_1_1188_1pld_0276","12757"
"0537","RMK_1_1188_1pld_0277","12757"
"0539","RMK_1_1188_1pld_0278","12757"
"0541","RMK_1_1188_1pld_0279","12757"
"0542","RMK_1_1188_1pld_0280","12757"
"0543","RMK_1_1188_1pld_0280","12757"
"0544","RMK_1_1188_1pld_0281","12757"
"0545","RMK_1_1188_1pld_0281","12757"
"0546","RMK_1_1188_1pld_0282","12757"
"0547","RMK_1_1188_1pld_0282","12757"
"0548","RMK_1_1188_1pld_0283","12757"
"0549","RMK_1_1188_1pld_0283","12757"
"0550","RMK_1_1188_1pld_0284","12757"
"0551","RMK_1_1188_1pld_0284","12757"
"0552","RMK_1_1188_1pld_0285","12757"
"0553","RMK_1_1188_1pld_0285","12757"
"0555","RMK_1_1188_1pld_0286","12757"
"0557","RMK_1_1188_1pld_0287","12757"
"0558","RMK_1_1188_1pld_0288","12757"
"0559","RMK_1_1188_1pld_0288","12757"
"0560","RMK_1_1188_1pld_0289","12757"
"0561","RMK_1_1188_1pld_0289","12757"
"0562","RMK_1_1188_1pld_0290","12757"
"0571","RMK_1_1188_1pld_0294","12757"
"0572","RMK_1_1188_1pld_0295","12757"
"0573","RMK_1_1188_1pld_0295","12757"
"0575","RMK_1_1188_1pld_0296","12757"
"0576","RMK_1_1188_1pld_0297","12757"
"0577","RMK_1_1188_1pld_0297","12757"
"0580","RMK_1_1188_1pld_0299","12757"
"0581","RMK_1_1188_1pld_0299","12757"
"0583","RMK_1_1188_1pld_0300","12757"
"0584","RMK_1_1188_1pld_0301","12757"
"0585","RMK_1_1188_1pld_0301","12757"
"0586","RMK_1_1188_1pld_0302","12757"
"0587","RMK_1_1188_1pld_0302","12757"
"0588","RMK_1_1188_1pld_0303","12757"
"0589","RMK_1_1188_1pld_0303","12757"
"0590","RMK_1_1188_1pld_0304","12757"
"0593","RMK_1_1188_1pld_0305","12757"
"0594","RMK_1_1188_1pld_0306","12757"
"0597","RMK_1_1188_1pld_0307","12757"
"0599","RMK_1_1188_1pld_0308","12757"
"0601","RMK_1_1188_1pld_0309","12757"
"0603","RMK_1_1188_1pld_0310","12757"
"0604","RMK_1_1188_1pld_0311","12757"
"0605","RMK_1_1188_1pld_0311","12757"
"0607","RMK_1_1188_1pld_0312","12757"
"0608","RMK_1_1188_1pld_0313","12757"
"0610","RMK_1_1188_1pld_0314","12757"
"0612","RMK_1_1188_1pld_0315","12757"
"0613","RMK_1_1188_1pld_0315","12757"
"0615","RMK_1_1188_1pld_0316","12757"
"0616","RMK_1_1188_1pld_0317","12757"
"0617","RMK_1_1188_1pld_0317","12757"
"0618","RMK_1_1188_1pld_0318","12757"
"0620","RMK_1_1188_1pld_0319","12757"
"0621","RMK_1_1188_1pld_0319","12757"
"0622","RMK_1_1188_1pld_0320","12757"
"0623","RMK_1_1188_1pld_0320","12757"
"0625","RMK_1_1188_1pld_0321","12757"
"0626","RMK_1_1188_1pld_0322","12757"
"0628","RMK_1_1188_1pld_0323","12757"
"0629","RMK_1_1188_1pld_0323","12757"
"0631","RMK_1_1188_1pld_0324","12757"
"0633","RMK_1_1188_1pld_0325","12757"
"0641","RMK_1_1188_1pld_0329","12757"
"0659","RMK_1_1188_2pld_0273","12757"
"0660","RMK_1_1188_2pld_0274","12757"
"0670","RMK_1_1188_2pld_0279","12757"
"0671","RMK_1_1188_2pld_0279","12757"
"0672","RMK_1_1188_2pld_0280","12757"
"0676","RMK_1_1188_2pld_0282","12757"
"0677","RMK_1_1188_2pld_0282","12757"
"0678","RMK_1_1188_2pld_0283","12757"
"0680","RMK_1_1188_2pld_0284","12757"
"0682","RMK_1_1188_2pld_0285","12757"
"0687","RMK_1_1188_2pld_0287","12757"
"0702","RMK_1_1188_2pld_0295","12757"
"0711","RMK_1_1188_2pld_0299","12757"
"0725","RMK_1_1188_2pld_0306","12757"
"0093","RMK_I_0405_0116","12770"
"1/0010","RMK_1_0856_0013","13640"
"1/0042","RMK_1_0856_0029","13640"
"1/0043","RMK_1_0856_0029","13640"
"1/0044","RMK_1_0856_0030","13640"
"1/0011","RMK_1_0856_0013","13640"
"1/0013","RMK_1_0856_0014","13640"
"1/0014","RMK_1_0856_0015","13640"
"1/0017","RMK_1_0856_0016","13640"
"1/0019","RMK_1_0856_0017","13640"
"1/0021","RMK_1_0856_0018","13640"
"1/0022","RMK_1_0856_0019","13640"
"1/0048","RMK_1_0856_0032","13640"
"1/0066","RMK_1_0856_0041","13640"
"1/0071","RMK_1_0856_0043","13640"
"1/0072","RMK_1_0856_0044","13640"
"1/0073","RMK_1_0856_0044","13640"
"1/0074","RMK_1_0856_0045","13640"
"1/0076","RMK_1_0856_0046","13640"
"1/0080","RMK_1_0856_0048","13640"
"1/0082","RMK_1_0856_0049","13640"
"1/0095","RMK_1_0856_0055","13640"
"1/0106","RMK_1_0856_0061","13640"
"1/0140","RMK_1_0856_0078","13640"
"1/0156","RMK_1_0856_0086","13640"
"1/0157","RMK_1_0856_0086","13640"
"1/0159","RMK_1_0856_0087","13640"
"1/0168","RMK_1_0856_0092","13640"
"1/0175","RMK_1_0856_0095","13640"
"1/0177","RMK_1_0856_0096","13640"
"1/0249","RMK_1_0856_0132","13640"
"00K3A","RMK_I_0094_1_0081","11957"
"000Ar","RMK_I_0338_0005","11991"
"1/0027","RMK_1_0355c_0004","12441"
"1/0504","rmk1_658_0276","12583"
