1/0003;RMK_1_0856_0009
1/0010;RMK_1_0856_0013
1/0042;RMK_1_0856_0029
1/0043;RMK_1_0856_0029
1/0044;RMK_1_0856_0030
1/0011;RMK_1_0856_0013
1/0013;RMK_1_0856_0014
1/0014;RMK_1_0856_0015
1/0017;RMK_1_0856_0016
1/0019;RMK_1_0856_0017
1/0021;RMK_1_0856_0018
1/0022;RMK_1_0856_0019
1/0044;RMK_1_0856_0030
1/0048;RMK_1_0856_0032
1/0066;RMK_1_0856_0041
1/0071;RMK_1_0856_0043
1/0072;RMK_1_0856_0044
1/0073;RMK_1_0856_0044
1/0074;RMK_1_0856_0045
1/0076;RMK_1_0856_0046
1/0080;RMK_1_0856_0048
1/0082;RMK_1_0856_0049
1/0095;RMK_1_0856_0055
1/0106;RMK_1_0856_0061
1/0140;RMK_1_0856_0078
1/0156;RMK_1_0856_0086
1/0157;RMK_1_0856_0086
1/0159;RMK_1_0856_0087
1/0168;RMK_1_0856_0092
1/0175;RMK_1_0856_0095
1/0177;RMK_1_0856_0096
1/0249;RMK_1_0856_0132
